Workbook

Sheet Сводная
A1: Бренд | B1: Предмет | C1: Артикул | D1: Артикул WB | E1: Баркод | F1: Размер | G1: Электросталь | H1: Краснодар | I1: Невинномысск | J1: Шушары | K1: Рязань | L1: Пенза | M1: Сарапул | N1: Волгоград | O1: Новосемейкино Самара | P1: Владимир | Q1: Тула | R1: ЕКБ Перспективная | S1: Коледино | T1: Котовск | U1: Цена | V1: Итого шт | W1: Итого ₽
A2: Infinity Story | B2: Блузки | C2: БЛУЗКАКЕЙП/Белый | D2: 890424550 | E2: 2049705238712 | F2: XS-S | G2: 1 | J2: 2 | O2: 1 | Q2: 2 | U2: 2390 | V2: =SUM(G2:T2) -> 6 | W2: =IF(U2="","",U2*V2) -> 14340
A3: Infinity Story | B3: Блузки | C3: БЛУЗКАКЕЙП/Белый | D3: 890424550 | E3: 2049705238736 | F3: M-L | I3: 1 | K3: 1 | P3: 1 | U3: 2390 | V3: =SUM(G3:T3) -> 3 | W3: =IF(U3="","",U3*V3) -> 7170
A4: Infinity Story | B4: Блузки | C4: БЛУЗКАКЕЙП/Белый | D4: 890424550 | E4: 2049705238729 | F4: XL-XXL | K4: 1 | Q4: 1 | U4: 2390 | V4: =SUM(G4:T4) -> 2 | W4: =IF(U4="","",U4*V4) -> 4780
A5: Infinity Story | B5: Блузки | C5: БЛУЗКАКЕЙП/Бордовый | D5: 890432709 | E5: 2049705310210 | F5: XS-S | G5: 2 | J5: 1 | Q5: 34 | T5: 1 | U5: 2390 | V5: =SUM(G5:T5) -> 38 | W5: =IF(U5="","",U5*V5) -> 90820
A6: Infinity Story | B6: Блузки | C6: БЛУЗКАКЕЙП/Бордовый | D6: 890432709 | E6: 2049705310197 | F6: M-L | I6: 2 | K6: 1 | M6: 1 | O6: 1 | P6: 2 | Q6: 9 | U6: 2390 | V6: =SUM(G6:T6) -> 16 | W6: =IF(U6="","",U6*V6) -> 38240
A7: Infinity Story | B7: Блузки | C7: БЛУЗКАКЕЙП/Бордовый | D7: 890432709 | E7: 2049705310203 | F7: XL-XXL | I7: 1 | J7: 1 | K7: 1 | M7: 1 | U7: 2390 | V7: =SUM(G7:T7) -> 4 | W7: =IF(U7="","",U7*V7) -> 9560
A8: Infinity Story | B8: Блузки | C8: КЕЙПВУАЛЬ/Черный | D8: 824672713 | E8: 2046448653932 | F8: ONE SIZE | P8: 1 | S8: 1 | U8: 2520 | V8: =SUM(G8:T8) -> 2 | W8: =IF(U8="","",U8*V8) -> 5040
A9: Infinity Story | B9: Блузки | C9: КЕЙПВУАЛЬ/Шоколадный | D9: 824664370 | E9: 2046448962607 | F9: ONE SIZE | G9: 1 | J9: 1 | K9: 6 | M9: 2 | N9: 1 | O9: 1 | U9: 2100 | V9: =SUM(G9:T9) -> 12 | W9: =IF(U9="","",U9*V9) -> 25200
A10: Infinity Story | B10: Блузки | C10: КЕЙПНАКИДКА/Белый | D10: 831403025 | E10: 2049108835723 | F10: ONE SIZE | J10: 2 | K10: 1 | L10: 1 | P10: 1 | R10: 1 | U10: 2950 | V10: =SUM(G10:T10) -> 6 | W10: =IF(U10="","",U10*V10) -> 17700
A11: Infinity Story | B11: Блузки | C11: КЕЙПНАКИДКА/Бордовый | D11: 831415374 | E11: 2049108959375 | F11: ONE SIZE | G11: 1 | K11: 2 | M11: 1 | O11: 1 | P11: 2 | Q11: 2 | R11: 1 | S11: 1 | U11: 2950 | V11: =SUM(G11:T11) -> 11 | W11: =IF(U11="","",U11*V11) -> 32450
A12: Infinity Story | B12: Блузки | C12: ЛОНГСЕТКА/бежевый | D12: 915548724 | E12: 2039739681219 | F12: M | O12: 1 | Q12: 5 | R12: 1 | U12: 1440 | V12: =SUM(G12:T12) -> 7 | W12: =IF(U12="","",U12*V12) -> 10080
A13: Infinity Story | B13: Блузки | C13: ЛОНГСЕТКА/бежевый | D13: 915548724 | E13: 2039739681202 | F13: L | H13: 1 | Q13: 14 | U13: 1440 | V13: =SUM(G13:T13) -> 15 | W13: =IF(U13="","",U13*V13) -> 21600
A14: Infinity Story | B14: Блузки | C14: ЛОНГСЕТКА/бежевый | D14: 915548724 | E14: 2039739681233 | F14: XL | G14: 2 | Q14: 2 | U14: 1440 | V14: =SUM(G14:T14) -> 4 | W14: =IF(U14="","",U14*V14) -> 5760
A15: Infinity Story | B15: Блузки | C15: ЛОНГСЕТКА/черный | D15: 915543532 | E15: 2039739638237 | F15: XS | Q15: 12 | U15: 1440 | V15: =SUM(G15:T15) -> 12 | W15: =IF(U15="","",U15*V15) -> 17280
A16: Infinity Story | B16: Блузки | C16: ЛОНГСЕТКА/черный | D16: 915543532 | E16: 2039739638244 | F16: S | K16: 1 | U16: 1440 | V16: =SUM(G16:T16) -> 1 | W16: =IF(U16="","",U16*V16) -> 1440
A17: Infinity Story | B17: Блузки | C17: ЛОНГСЕТКА/черный | D17: 915543532 | E17: 2039739638268 | F17: L | G17: 2 | U17: 1440 | V17: =SUM(G17:T17) -> 2 | W17: =IF(U17="","",U17*V17) -> 2880
A18: Infinity Story | B18: Блузки | C18: ЛОНГСЕТКА/черный | D18: 915543532 | E18: 2039739638275 | F18: XL | G18: 1 | H18: 1 | U18: 1440 | V18: =SUM(G18:T18) -> 2 | W18: =IF(U18="","",U18*V18) -> 2880
A19: Infinity Story | B19: Брюки | C19: БРЮКИПОЛОСКА/Бежевый | D19: 824584442 | E19: 2048742255379 | F19: M-L | J19: 1 | Q19: 1 | T19: 1 | U19: 2790 | V19: =SUM(G19:T19) -> 3 | W19: =IF(U19="","",U19*V19) -> 8370
A20: Infinity Story | B20: Брюки | C20: БРЮКИПОЛОСКА/Бежевый | D20: 824584442 | E20: 2048742255386 | F20: XL-XXL | G20: 1 | K20: 1 | Q20: 1 | U20: 2790 | V20: =SUM(G20:T20) -> 3 | W20: =IF(U20="","",U20*V20) -> 8370
A21: Infinity Story | B21: Брюки | C21: БРЮКИПОЛОСКА/Коричневый | D21: 824597933 | E21: 2048768718872 | F21: XS-S | G21: 1 | K21: 1 | U21: 2790 | V21: =SUM(G21:T21) -> 2 | W21: =IF(U21="","",U21*V21) -> 5580
A22: Infinity Story | B22: Брюки | C22: БРЮКИПОЛОСКА/Коричневый | D22: 824597933 | E22: 2048768718858 | F22: M-L | K22: 1 | M22: 1 | O22: 1 | U22: 2790 | V22: =SUM(G22:T22) -> 3 | W22: =IF(U22="","",U22*V22) -> 8370
A23: Infinity Story | B23: Брюки | C23: БРЮКИПОЛОСКА/Коричневый | D23: 824597933 | E23: 2048768718865 | F23: XL-XXL | J23: 1 | Q23: 1 | U23: 2790 | V23: =SUM(G23:T23) -> 2 | W23: =IF(U23="","",U23*V23) -> 5580
A24: Infinity Story | B24: Жилеты | C24: ЖИЛЕТКА/Бежевый | D24: 915700564 | E24: 2038591635361 | F24: XS | Q24: 1 | S24: 1 | U24: 1600 | V24: =SUM(G24:T24) -> 2 | W24: =IF(U24="","",U24*V24) -> 3200
A25: Infinity Story | B25: Жилеты | C25: ЖИЛЕТКА/Бежевый | D25: 915700564 | E25: 2038591635378 | F25: S | O25: 1 | U25: 1600 | V25: =SUM(G25:T25) -> 1 | W25: =IF(U25="","",U25*V25) -> 1600
A26: Infinity Story | B26: Жилеты | C26: ЖИЛЕТКА/Бежевый | D26: 915700564 | E26: 2038591635408 | F26: XL | R26: 1 | U26: 1600 | V26: =SUM(G26:T26) -> 1 | W26: =IF(U26="","",U26*V26) -> 1600
A27: Infinity Story | B27: Жилеты | C27: ЖИЛЕТКА/Темно-серый | D27: 915698461 | E27: 2041129314782 | F27: XS | P27: 1 | R27: 1 | U27: 1565 | V27: =SUM(G27:T27) -> 2 | W27: =IF(U27="","",U27*V27) -> 3130
A28: Infinity Story | B28: Жилеты | C28: ЖИЛЕТКА/Темно-серый | D28: 915698461 | E28: 2041129314768 | F28: S | Q28: 2 | R28: 1 | U28: 1565 | V28: =SUM(G28:T28) -> 3 | W28: =IF(U28="","",U28*V28) -> 4695
A29: Infinity Story | B29: Жилеты | C29: ЖИЛЕТКА/Темно-серый | D29: 915698461 | F29: M | J29: 1 | U29: 1565 | V29: =SUM(G29:T29) -> 1 | W29: =IF(U29="","",U29*V29) -> 1565
A30: Infinity Story | B30: Жилеты | C30: ЖИЛЕТКА/Черный | D30: 915688094 | E30: 2038590753301 | F30: XS | I30: 1 | Q30: 5 | U30: 1565 | V30: =SUM(G30:T30) -> 6 | W30: =IF(U30="","",U30*V30) -> 9390
A31: Infinity Story | B31: Жилеты | C31: ЖИЛЕТКА/Черный | D31: 915688094 | E31: 2038590753318 | F31: S | Q31: 7 | U31: 1565 | V31: =SUM(G31:T31) -> 7 | W31: =IF(U31="","",U31*V31) -> 10955
A32: Infinity Story | B32: Жилеты | C32: ЖИЛЕТКА/Черный | D32: 915688094 | E32: 2038590753325 | F32: M | K32: 1 | Q32: 2 | U32: 1565 | V32: =SUM(G32:T32) -> 3 | W32: =IF(U32="","",U32*V32) -> 4695
A33: Infinity Story | B33: Жилеты | C33: ЖИЛЕТКА/Черный | D33: 915688094 | E33: 2038590753332 | F33: L | K33: 1 | Q33: 6 | U33: 1565 | V33: =SUM(G33:T33) -> 7 | W33: =IF(U33="","",U33*V33) -> 10955
A34: Infinity Story | B34: Жилеты | C34: ЖИЛЕТКА/Черный | D34: 915688094 | E34: 2038590753349 | F34: XL | H34: 1 | Q34: 12 | U34: 1565 | V34: =SUM(G34:T34) -> 13 | W34: =IF(U34="","",U34*V34) -> 20345
A35: Infinity Story | B35: Жилеты | C35: ЖИЛЕТКА/Черный | D35: 915688094 | E35: 2039582201725 | F35: XXL | Q35: 11 | U35: 1565 | V35: =SUM(G35:T35) -> 11 | W35: =IF(U35="","",U35*V35) -> 17215
A36: Infinity Story | B36: Кардиганы | C36: КАРДИГАНДЛИН/бежевый | D36: 824413362 | E36: 2036852572578 | F36: XS-M | G36: 1 | Q36: 14 | U36: 1890 | V36: =SUM(G36:T36) -> 15 | W36: =IF(U36="","",U36*V36) -> 28350
A37: Infinity Story | B37: Кардиганы | C37: КАРДИГАНДЛИН/бежевый | D37: 824413362 | E37: 2038538739534 | F37: L-XXL | M37: 1 | Q37: 12 | U37: 1890 | V37: =SUM(G37:T37) -> 13 | W37: =IF(U37="","",U37*V37) -> 24570
A38: Infinity Story | B38: Кардиганы | C38: КОФТАДИОР/Шоколадный | D38: 824409755 | E38: 2044732970758 | F38: ONE SIZE | I38: 1 | J38: 1 | L38: 1 | N38: 2 | O38: 1 | Q38: 45 | R38: 1 | S38: 1 | U38: 2650 | V38: =SUM(G38:T38) -> 53 | W38: =IF(U38="","",U38*V38) -> 140450
A39: Infinity Story | B39: Костюмы | C39: КОСТВОЛНА/Шоколадный | D39: 848059668 | E39: 2043555813402 | F39: XS-M | G39: 2 | I39: 1 | Q39: 1 | V39: =SUM(G39:T39) -> 4 | W39: =IF(U39="","",U39*V39)
A40: Infinity Story | B40: Костюмы | C40: КОСТЖИЛЕТ/бежевый | D40: 824644290 | E40: 2036852563019 | F40: XS-M | Q40: 12 | U40: 1890 | V40: =SUM(G40:T40) -> 12 | W40: =IF(U40="","",U40*V40) -> 22680
A41: Infinity Story | B41: Костюмы | C41: КОСТЖИЛЕТ/черный | D41: 824648148 | E41: 2038677417102 | F41: XS-M | Q41: 8 | U41: 1890 | V41: =SUM(G41:T41) -> 8 | W41: =IF(U41="","",U41*V41) -> 15120
A42: Infinity Story | B42: Костюмы | C42: КОСТЖИЛЕТ/черный | D42: 824648148 | E42: 2038677417119 | F42: L-XXL | G42: 1 | Q42: 6 | S42: 1 | U42: 1890 | V42: =SUM(G42:T42) -> 8 | W42: =IF(U42="","",U42*V42) -> 15120
A43: Infinity Story | B43: Костюмы | C43: КОСТПЛАТЬЕ/Темно-зеленый | D43: 824638149 | E43: 2045069530400 | F43: XS-M | G43: 1 | Q43: 8 | V43: =SUM(G43:T43) -> 9 | W43: =IF(U43="","",U43*V43)
A44: Infinity Story | B44: Костюмы | C44: КОСТПЛАТЬЕ/Темно-зеленый | D44: 824638149 | E44: 2045069530394 | F44: L-XXL | Q44: 29 | V44: =SUM(G44:T44) -> 29 | W44: =IF(U44="","",U44*V44)
A45: Infinity Story | B45: Костюмы | C45: КОСТПЛАТЬЕ/Шоколадный | D45: 824631003 | E45: 2045069498656 | F45: XS-M | G45: 1 | Q45: 49 | S45: 2 | V45: =SUM(G45:T45) -> 52 | W45: =IF(U45="","",U45*V45)
A46: Infinity Story | B46: Костюмы | C46: КОСТПЛАТЬЕ/Шоколадный | D46: 824631003 | E46: 2045069498649 | F46: L-XXL | J46: 1 | O46: 1 | Q46: 60 | V46: =SUM(G46:T46) -> 62 | W46: =IF(U46="","",U46*V46)
A47: Infinity Story | B47: Кофты | C47: ДЖЕМПЕРПОЛОСКА/Бежевый | D47: 824359363 | E47: 2044934207218 | F47: L-XXL | G47: 1 | H47: 1 | I47: 1 | U47: 2390 | V47: =SUM(G47:T47) -> 3 | W47: =IF(U47="","",U47*V47) -> 7170
A48: Infinity Story | B48: Кофты | C48: КАРДИГАНЗАРА/Зеленый | D48: 824296782 | E48: 2048742674781 | F48: XS-M | H48: 4 | I48: 5 | K48: 5 | Q48: 19 | T48: 3 | U48: 1850 | V48: =SUM(G48:T48) -> 36 | W48: =IF(U48="","",U48*V48) -> 66600
A49: Infinity Story | B49: Кофты | C49: КАРДИГАНЗАРА/Молочный | D49: 824293297 | E49: 2048742675863 | F49: XS-M | G49: 5 | H49: 1 | K49: 6 | Q49: 149 | T49: 1 | U49: 1850 | V49: =SUM(G49:T49) -> 162 | W49: =IF(U49="","",U49*V49) -> 299700
A50: Infinity Story | B50: Кофты | C50: КАРДИГАНЗАРА/Молочный | D50: 824293297 | E50: 2048742675856 | F50: L-XXL | G50: 3 | J50: 2 | K50: 1 | Q50: 72 | S50: 1 | T50: 4 | U50: 1850 | V50: =SUM(G50:T50) -> 83 | W50: =IF(U50="","",U50*V50) -> 153550
A51: Infinity Story | B51: Кофты | C51: КОФТААССИМЕТРИЯ/Коричневый | D51: 824354236 | E51: 2045009393447 | F51: XS-M | G51: 1 | V51: =SUM(G51:T51) -> 1 | W51: =IF(U51="","",U51*V51)
A52: Infinity Story | B52: Кофты | C52: КОФТААССИМЕТРИЯ/Коричневый | D52: 824354236 | E52: 2045009393430 | F52: L-XXL | I52: 2 | J52: 1 | O52: 3 | Q52: 1 | V52: =SUM(G52:T52) -> 7 | W52: =IF(U52="","",U52*V52)
A53: Infinity Story | B53: Кофты | C53: КОФТАВОЛНАКРОШЕ/Зеленый | D53: 824321924 | E53: 2048742608779 | F53: XS-M | P53: 1 | U53: 1690 | V53: =SUM(G53:T53) -> 1 | W53: =IF(U53="","",U53*V53) -> 1690
A54: Infinity Story | B54: Кофты | C54: КОФТАВОЛНАКРОШЕ/Зеленый | D54: 824321924 | E54: 2048742608762 | F54: L-XXL | G54: 6 | H54: 3 | J54: 1 | K54: 3 | M54: 1 | P54: 2 | Q54: 60 | S54: 1 | U54: 1690 | V54: =SUM(G54:T54) -> 77 | W54: =IF(U54="","",U54*V54) -> 130130
A55: Infinity Story | B55: Кофты | C55: КОФТАВОЛНАКРОШЕ/Синий | D55: 824321925 | E55: 2048742431209 | F55: XS-M | K55: 2 | O55: 1 | P55: 1 | Q55: 30 | U55: 1690 | V55: =SUM(G55:T55) -> 34 | W55: =IF(U55="","",U55*V55) -> 57460
A56: Infinity Story | B56: Кофты | C56: КОФТАВОЛНАКРОШЕ/Синий | D56: 824321925 | E56: 2048742431193 | F56: L-XXL | G56: 1 | J56: 1 | O56: 2 | P56: 1 | Q56: 19 | U56: 1690 | V56: =SUM(G56:T56) -> 24 | W56: =IF(U56="","",U56*V56) -> 40560
A57: Infinity Story | B57: Кофты | C57: КОФТАДИОР/Молочный | D57: 824366971 | E57: 2044469391482 | F57: ONE SIZE | Q57: 14 | R57: 1 | U57: 2650 | V57: =SUM(G57:T57) -> 15 | W57: =IF(U57="","",U57*V57) -> 39750
A58: Infinity Story | B58: Кофты | C58: КОФТАКЛЕТКА/Голубой | D58: 824323631 | E58: 2048742635140 | F58: XS-M | G58: 1 | H58: 2 | I58: 2 | P58: 1 | S58: 1 | U58: 1750 | V58: =SUM(G58:T58) -> 7 | W58: =IF(U58="","",U58*V58) -> 12250
A59: Infinity Story | B59: Кофты | C59: КОФТАКЛЕТКА/Голубой | D59: 824323631 | E59: 2048742635133 | F59: L-XXL | K59: 3 | O59: 2 | P59: 2 | Q59: 1 | R59: 1 | U59: 1750 | V59: =SUM(G59:T59) -> 9 | W59: =IF(U59="","",U59*V59) -> 15750
A60: Infinity Story | B60: Кофты | C60: КОФТАКЛЕТКА/Оранжевый | D60: 824324795 | E60: 2048742625691 | F60: XS-M | J60: 1 | L60: 1 | M60: 2 | P60: 1 | Q60: 62 | U60: 1750 | V60: =SUM(G60:T60) -> 67 | W60: =IF(U60="","",U60*V60) -> 117250
A61: Infinity Story | B61: Кофты | C61: КОФТАКЛЕТКА/Оранжевый | D61: 824324795 | E61: 2048742625684 | F61: L-XXL | G61: 2 | J61: 2 | Q61: 57 | S61: 1 | T61: 1 | U61: 1750 | V61: =SUM(G61:T61) -> 63 | W61: =IF(U61="","",U61*V61) -> 110250
A62: Infinity Story | B62: Кофты | C62: КОФТАКРОШЕ/Молочный | D62: 824335968 | E62: 2042640819176 | F62: XS-M | R62: 1 | U62: 1600 | V62: =SUM(G62:T62) -> 1 | W62: =IF(U62="","",U62*V62) -> 1600
A63: Infinity Story | B63: Кофты | C63: КОФТАКРОШЕ/Молочный | D63: 824335968 | F63: L-XXL | I63: 1 | U63: 1600 | V63: =SUM(G63:T63) -> 1 | W63: =IF(U63="","",U63*V63) -> 1600
A64: Infinity Story | B64: Кофты | C64: КОФТАКРОШЕ/Шоколадный | D64: 824338112 | E64: 2048437876209 | F64: XS-M | Q64: 44 | U64: 1600 | V64: =SUM(G64:T64) -> 44 | W64: =IF(U64="","",U64*V64) -> 70400
A65: Infinity Story | B65: Кофты | C65: КОФТАКРОШЕ/Шоколадный | D65: 824338112 | E65: 2048437876193 | F65: L-XXL | G65: 3 | J65: 2 | Q65: 16 | U65: 1600 | V65: =SUM(G65:T65) -> 21 | W65: =IF(U65="","",U65*V65) -> 33600
A66: Infinity Story | B66: Кофты | C66: КОФТАМИУПОЛОСКА/Синий | D66: 831421887 | E66: 2049108997773 | F66: XS-M | G66: 3 | H66: 1 | J66: 2 | K66: 1 | Q66: 198 | R66: 1 | U66: 1470 | V66: =SUM(G66:T66) -> 206 | W66: =IF(U66="","",U66*V66) -> 302820
A67: Infinity Story | B67: Кофты | C67: КОФТАМИУПОЛОСКА/Синий | D67: 831421887 | E67: 2049108997766 | F67: L-XXL | G67: 6 | K67: 2 | O67: 1 | P67: 2 | Q67: 156 | U67: 1470 | V67: =SUM(G67:T67) -> 167 | W67: =IF(U67="","",U67*V67) -> 245490
A68: Infinity Story | B68: Кофты | C68: КОФТАМИУПОЛОСКА/Шоколадный | D68: 831425408 | E68: 2049109038130 | F68: XS-M | H68: 2 | K68: 2 | O68: 1 | Q68: 167 | U68: 1470 | V68: =SUM(G68:T68) -> 172 | W68: =IF(U68="","",U68*V68) -> 252840
A69: Infinity Story | B69: Кофты | C69: КОФТАМИУПОЛОСКА/Шоколадный | D69: 831425408 | E69: 2049109038123 | F69: L-XXL | H69: 3 | I69: 2 | J69: 2 | K69: 1 | O69: 1 | P69: 1 | Q69: 109 | U69: 1470 | V69: =SUM(G69:T69) -> 119 | W69: =IF(U69="","",U69*V69) -> 174930
A70: Infinity Story | B70: Куртки | C70: ВЕТРОВКА/Коричневый | D70: 833609767 | E70: 2048026695594 | F70: ONE SIZE | K70: 1 | U70: 2590 | V70: =SUM(G70:T70) -> 1 | W70: =IF(U70="","",U70*V70) -> 2590
A71: Infinity Story | B71: Куртки | C71: ВЕТРОВКА/Молочный | D71: 833726060 | E71: 2048026671550 | F71: ONE SIZE | K71: 1 | O71: 1 | U71: 3500 | V71: =SUM(G71:T71) -> 2 | W71: =IF(U71="","",U71*V71) -> 7000
A72: Infinity Story | B72: Сарафаны | C72: САРАФАНБАЛОН/Молочный | D72: 848079052 | E72: 2042774311812 | F72: XS-M | J72: 1 | R72: 2 | S72: 1 | U72: 1560 | V72: =SUM(G72:T72) -> 4 | W72: =IF(U72="","",U72*V72) -> 6240
A73: Infinity Story | B73: Сарафаны | C73: САРАФАНБАЛОН/Молочный | D73: 848079052 | E73: 2042774311805 | F73: L-XXL | H73: 1 | I73: 2 | P73: 1 | Q73: 5 | T73: 1 | U73: 1560 | V73: =SUM(G73:T73) -> 10 | W73: =IF(U73="","",U73*V73) -> 15600
A74: Infinity Story | B74: Сарафаны | C74: САРАФАНБАЛОН/Черный | D74: 848094763 | E74: 2042774282341 | F74: XS-M | G74: 1 | H74: 2 | Q74: 2 | U74: 1700 | V74: =SUM(G74:T74) -> 5 | W74: =IF(U74="","",U74*V74) -> 8500
A75: Infinity Story | B75: Сарафаны | C75: САРАФАНВОРОТНИК/Бордовый | D75: 831365903 | E75: 2049108495460 | F75: XS | G75: 5 | K75: 4 | N75: 1 | Q75: 44 | U75: 2890 | V75: =SUM(G75:T75) -> 54 | W75: =IF(U75="","",U75*V75) -> 156060
A76: Infinity Story | B76: Сарафаны | C76: САРАФАНВОРОТНИК/Бордовый | D76: 831365903 | E76: 2049108495446 | F76: S | G76: 1 | K76: 3 | L76: 1 | M76: 1 | N76: 1 | O76: 1 | Q76: 17 | R76: 1 | U76: 2890 | V76: =SUM(G76:T76) -> 26 | W76: =IF(U76="","",U76*V76) -> 75140
A77: Infinity Story | B77: Сарафаны | C77: САРАФАНВОРОТНИК/Бордовый | D77: 831365903 | E77: 2049108495439 | F77: M | G77: 4 | I77: 1 | J77: 2 | M77: 2 | O77: 1 | P77: 1 | Q77: 1 | R77: 1 | U77: 2890 | V77: =SUM(G77:T77) -> 13 | W77: =IF(U77="","",U77*V77) -> 37570
A78: Infinity Story | B78: Сарафаны | C78: САРАФАНВОРОТНИК/Бордовый | D78: 831365903 | E78: 2049108495422 | F78: L | G78: 1 | O78: 1 | R78: 1 | S78: 2 | U78: 2890 | V78: =SUM(G78:T78) -> 5 | W78: =IF(U78="","",U78*V78) -> 14450
A79: Infinity Story | B79: Сарафаны | C79: САРАФАНВОРОТНИК/Бордовый | D79: 831365903 | E79: 2049108495453 | F79: XL | P79: 1 | U79: 2890 | V79: =SUM(G79:T79) -> 1 | W79: =IF(U79="","",U79*V79) -> 2890
A80: Infinity Story | B80: Сарафаны | C80: САРАФАНВОРОТНИК/Сливочный | D80: 831358342 | E80: 2049108461915 | F80: XS | I80: 4 | J80: 1 | P80: 1 | T80: 1 | U80: 2790 | V80: =SUM(G80:T80) -> 7 | W80: =IF(U80="","",U80*V80) -> 19530
A81: Infinity Story | B81: Сарафаны | C81: САРАФАНВОРОТНИК/Сливочный | D81: 831358342 | F81: M | I81: 1 | J81: 1 | U81: 2790 | V81: =SUM(G81:T81) -> 2 | W81: =IF(U81="","",U81*V81) -> 5580
A82: Infinity Story | B82: Сарафаны | C82: САРАФАНВОРОТНИК/Сливочный | D82: 831358342 | E82: 2049108461946 | F82: L | M82: 1 | N82: 1 | Q82: 1 | R82: 1 | U82: 2790 | V82: =SUM(G82:T82) -> 4 | W82: =IF(U82="","",U82*V82) -> 11160
A83: Infinity Story | B83: Сарафаны | C83: САРАФАНВОРОТНИК/Сливочный | D83: 831358342 | E83: 2049108461953 | F83: XL | I83: 1 | L83: 1 | O83: 1 | Q83: 1 | T83: 1 | U83: 2790 | V83: =SUM(G83:T83) -> 5 | W83: =IF(U83="","",U83*V83) -> 13950
A84: Infinity Story | B84: Сарафаны | C84: САРАФАНЗАВЯЗКИ/Бежевый | D84: 848295592 | E84: 2033018238651 | F84: L | K84: 1 | U84: 1490 | V84: =SUM(G84:T84) -> 1 | W84: =IF(U84="","",U84*V84) -> 1490
A85: Infinity Story | B85: Сарафаны | C85: САРАФАНЗАВЯЗКИ/Бежевый | D85: 848295592 | E85: 2037469651861 | F85: XL | G85: 3 | P85: 1 | Q85: 16 | U85: 1490 | V85: =SUM(G85:T85) -> 20 | W85: =IF(U85="","",U85*V85) -> 29800
A86: Infinity Story | B86: Сарафаны | C86: САРАФАНЗАВЯЗКИ/Бежевый | D86: 848295592 | E86: 2037932171025 | F86: XXL | G86: 3 | O86: 1 | P86: 5 | Q86: 12 | U86: 1490 | V86: =SUM(G86:T86) -> 21 | W86: =IF(U86="","",U86*V86) -> 31290
A87: Infinity Story | B87: Сарафаны | C87: САРАФАНЗАВЯЗКИ/Голубой | D87: 848171418 | E87: 2035633089632 | F87: S | K87: 1 | U87: 1590 | V87: =SUM(G87:T87) -> 1 | W87: =IF(U87="","",U87*V87) -> 1590
A88: Infinity Story | B88: Сарафаны | C88: САРАФАНЗАВЯЗКИ/Голубой | D88: 848171418 | E88: 2035633089649 | F88: M | J88: 1 | S88: 1 | U88: 1590 | V88: =SUM(G88:T88) -> 2 | W88: =IF(U88="","",U88*V88) -> 3180
A89: Infinity Story | B89: Сарафаны | C89: САРАФАНЗАВЯЗКИ/Голубой | D89: 848171418 | E89: 2035633089656 | F89: L | K89: 1 | O89: 1 | Q89: 1 | R89: 1 | U89: 1590 | V89: =SUM(G89:T89) -> 4 | W89: =IF(U89="","",U89*V89) -> 6360
A90: Infinity Story | B90: Сарафаны | C90: САРАФАНЗАВЯЗКИ/Голубой | D90: 848171418 | F90: XL | I90: 1 | U90: 1590 | V90: =SUM(G90:T90) -> 1 | W90: =IF(U90="","",U90*V90) -> 1590
A91: Infinity Story | B91: Сарафаны | C91: САРАФАНЗАВЯЗКИ/Серый | D91: 848242561 | F91: XS | J91: 1 | U91: 1490 | V91: =SUM(G91:T91) -> 1 | W91: =IF(U91="","",U91*V91) -> 1490
A92: Infinity Story | B92: Сарафаны | C92: САРАФАНЗАВЯЗКИ/Серый | D92: 848242561 | E92: 2039408986331 | F92: L | O92: 2 | Q92: 2 | U92: 1490 | V92: =SUM(G92:T92) -> 4 | W92: =IF(U92="","",U92*V92) -> 5960
A93: Infinity Story | B93: Сарафаны | C93: САРАФАНЗАВЯЗКИ/Серый | D93: 848242561 | E93: 2039408986362 | F93: XL | G93: 4 | I93: 1 | J93: 1 | K93: 1 | Q93: 3 | U93: 1490 | V93: =SUM(G93:T93) -> 10 | W93: =IF(U93="","",U93*V93) -> 14900
A94: Infinity Story | B94: Сарафаны | C94: САРАФАНЗАВЯЗКИ/Фуксия | D94: 848184741 | E94: 2033018380633 | F94: S | O94: 1 | U94: 1590 | V94: =SUM(G94:T94) -> 1 | W94: =IF(U94="","",U94*V94) -> 1590
A95: Infinity Story | B95: Сарафаны | C95: САРАФАНЗАВЯЗКИ/Фуксия | D95: 848184741 | E95: 2039859203513 | F95: XL | O95: 1 | P95: 1 | Q95: 1 | U95: 1590 | V95: =SUM(G95:T95) -> 3 | W95: =IF(U95="","",U95*V95) -> 4770
A96: Infinity Story | B96: Сарафаны | C96: САРАФАНЗАВЯЗКИ/Фуксия | D96: 848184741 | E96: 2039859203520 | F96: XXL | J96: 1 | Q96: 1 | U96: 1590 | V96: =SUM(G96:T96) -> 2 | W96: =IF(U96="","",U96*V96) -> 3180
A97: Infinity Story | B97: Сарафаны | C97: САРАФАНЗАВЯЗКИ/Черный | D97: 848160019 | E97: 2033018003631 | F97: S | M97: 1 | O97: 1 | R97: 1 | U97: 1590 | V97: =SUM(G97:T97) -> 3 | W97: =IF(U97="","",U97*V97) -> 4770
A98: Infinity Story | B98: Сарафаны | C98: САРАФАНЗАВЯЗКИ/Черный | D98: 848160019 | F98: M | J98: 1 | U98: 1590 | V98: =SUM(G98:T98) -> 1 | W98: =IF(U98="","",U98*V98) -> 1590
A99: Infinity Story | B99: Сарафаны | C99: САРАФАНЗАВЯЗКИ/Черный | D99: 848160019 | E99: 2033018003655 | F99: L | I99: 1 | M99: 1 | O99: 1 | S99: 1 | U99: 1590 | V99: =SUM(G99:T99) -> 4 | W99: =IF(U99="","",U99*V99) -> 6360
A100: Infinity Story | B100: Сарафаны | C100: САРАФАНЗАВЯЗКИ/Черный | D100: 848160019 | E100: 2038239537620 | F100: XL | S100: 2 | T100: 1 | U100: 1590 | V100: =SUM(G100:T100) -> 3 | W100: =IF(U100="","",U100*V100) -> 4770
...

Sheet Сверка
A1: Склад | B1: Дата акта | C1: Итого в исходном файле | D1: Итого в сводной | E1: Разница
A2: Электросталь | B2: 17.07 | C2: 84 | D2: =Сводная!G128 -> 84 | E2: =D2-C2 -> 0
A3: Краснодар | B3: 22.07 | C3: 29 | D3: =Сводная!H128 -> 29 | E3: =D3-C3 -> 0
A4: Невинномысск | B4: 22.07 | C4: 37 | D4: =Сводная!I128 -> 37 | E4: =D4-C4 -> 0
A5: Шушары | B5: 24.07 | C5: 43 | D5: =Сводная!J128 -> 43 | E5: =D5-C5 -> 0
A6: Рязань | B6: 29.07 | C6: 64 | D6: =Сводная!K128 -> 64 | E6: =D6-C6 -> 0
A7: Пенза | B7: 30.07 | C7: 6 | D7: =Сводная!L128 -> 6 | E7: =D7-C7 -> 0
A8: Сарапул | B8: 30.07 | C8: 22 | D8: =Сводная!M128 -> 22 | E8: =D8-C8 -> 0
A9: Волгоград | B9: 31.07 | C9: 6 | D9: =Сводная!N128 -> 6 | E9: =D9-C9 -> 0
A10: Новосемейкино Самара | B10: 02.08 | C10: 38 | D10: =Сводная!O128 -> 38 | E10: =D10-C10 -> 0
A11: Владимир | B11: 03.08 | C11: 43 | D11: =Сводная!P128 -> 43 | E11: =D11-C11 -> 0
A12: Тула | B12: 05.08 | C12: 1893 | D12: =Сводная!Q128 -> 1893 | E12: =D12-C12 -> 0
A13: ЕКБ Перспективная | B13: 07.08 | C13: 20 | D13: =Сводная!R128 -> 20 | E13: =D13-C13 -> 0
A14: Коледино | B14: 16.08 | C14: 27 | D14: =Сводная!S128 -> 27 | E14: =D14-C14 -> 0
A15: Котовск | B15: 26.08 | C15: 19 | D15: =Сводная!T128 -> 19 | E15: =D15-C15 -> 0
A16: ИТОГО | C16: =SUM(C2:C15) -> 2331 | D16: =SUM(D2:D15) -> 2331 | E16: =D16-C16 -> 0
A18: «Итого в исходном файле» — контрольная строка внизу каждого файла ВБ (введено вручную из файлов). Разница должна быть 0.
